k,Similarity,Seq_Time,Par_Time,Speedup,Efficiency
2,66.67083385423179,20.380775200005154,3.302805379993515,6.170746639647647,0.5142288866373039
3,53.85266397384112,21.02379793000291,3.4126476200006435,6.160553409261442,0.5133794507717868
5,33.34000200060018,22.311206930002662,3.553210010001203,6.279169220846338,0.5232641017371948
7,17.650866507782386,23.71682356999954,3.7067104200017638,6.398348099172057,0.5331956749310047
10,0.0,26.316552619996948,3.9277013900107702,6.700242713696925,0.5583535594747437
15,0.0,30.51989064999507,4.365205839998088,6.991626917187583,0.5826355764322986
20,0.0,33.10094358000206,4.708254979999038,7.030405897857475,0.5858671581547895
